Product Line,Value Type,value,exclude
Application Integration,Use Cases,Cloud Storage Enhancement,
Application Integration,Job Departments,Information Technology,
Application Integration,Job Departments,Software Engineering,
Application Integration,Job Departments,DevOps,
Application Integration,Job Departments,Cloud Services,
Application Integration,Job Departments,IT Infrastructure,
Application Integration,Job Departments,Data Management,
Application Integration,Key Phrase,seamless integration with cloud-based platforms using AI,
Application Integration,Key Phrase,modernizing legacy systems with AI-powered plugins,
Application Integration,Key Phrase,streamlining tool interoperability with AI integrations,
Application Integration,Key Phrase,optimizing cloud storage capabilities,
Application Integration,Key Phrase,developing bespoke cloud APIs for scalability,
Application Integration,Key Phrase,streamlining cloud storage integration processes,
Application Integration,Key Phrase,improving cloud data accessibility and security,
Application Integration,Specific Roles,Systems Integrator,
Application Integration,Specific Roles,Software Developer,
Application Integration,Specific Roles,DevOps Engineer,
Application Integration,Specific Roles,Cloud Architect,
Application Integration,Specific Roles,Storage Solutions Engineer,
Application Integration,Specific Roles,Data Scientist,
Application Integration,Specific Roles,Infrastructure Manager,
Data Center Infrastructure Management,Use Cases,Enhanced Data Protection,
Data Center Infrastructure Management,Job Departments,Data Center Operations,
Data Center Infrastructure Management,Job Departments,IT Security,
Data Center Infrastructure Management,Job Departments,Infrastructure Management,
Data Center Infrastructure Management,Job Departments,Data Security,
Data Center Infrastructure Management,Job Departments,Risk Management,
Data Center Infrastructure Management,Job Departments,Compliance,
Data Center Infrastructure Management,Key Phrase,enhancing data center security measures with Generative AI,
Data Center Infrastructure Management,Key Phrase,generating actionable insights for data center optimizations,
Data Center Infrastructure Management,Key Phrase,accelerating data center product development with AI,
Data Center Infrastructure Management,Key Phrase,ensuring robust data backup and recovery,
Data Center Infrastructure Management,Key Phrase,mitigating data security risks with AI,
Data Center Infrastructure Management,Key Phrase,achieving regulatory compliance in data management,
Data Center Infrastructure Management,Key Phrase,enhancing data resilience for future scalability,
Data Center Infrastructure Management,Specific Roles,Data Center Manager,
Data Center Infrastructure Management,Specific Roles,IT Security Analyst,
Data Center Infrastructure Management,Specific Roles,Infrastructure Architect,
Data Center Infrastructure Management,Specific Roles,Chief Information Security Officer,
Data Center Infrastructure Management,Specific Roles,Data Protection Specialist,
Data Center Infrastructure Management,Specific Roles,Risk Analyst,
Data Center Infrastructure Management,Specific Roles,Compliance Officer,
Generative AI Services,Use Cases,Personalized Customer Support,
Generative AI Services,Use Cases,AI-Enabled Product Development,
Generative AI Services,Use Cases,Intelligent Bot Development,
Generative AI Services,Use Cases,Digital Product Enhancement,
Generative AI Services,Job Departments,Product Development,
Generative AI Services,Job Departments,Marketing,
Generative AI Services,Job Departments,Customer Support,
Generative AI Services,Job Departments,Customer Service,
Generative AI Services,Job Departments,Technical Support,
Generative AI Services,Job Departments,Information Technology,
Generative AI Services,Job Departments,User Experience,
Generative AI Services,Job Departments,Innovation,
Generative AI Services,Job Departments,Customer Engagement,
Generative AI Services,Job Departments,Sales,
Generative AI Services,Job Departments,Digital Strategy,
Generative AI Services,Job Departments,Product Management,
Generative AI Services,Key Phrase,personalizing user interactions with AI-driven bots,
Generative AI Services,Key Phrase,enhancing user interface design through AI insights,
Generative AI Services,Key Phrase,automation of routine customer support queries,
Generative AI Services,Key Phrase,improving first contact resolution rate,1
Generative AI Services,Key Phrase,24/7 automated customer query handling,
Generative AI Services,Key Phrase,reducing average handle time of support tickets,
Generative AI Services,Key Phrase,enhancing customer satisfaction through AI personalization,
Generative AI Services,Key Phrase,incorporating AI to drive product innovation,
Generative AI Services,Key Phrase,enhancing user interfaces with predictive functionality,
Generative AI Services,Key Phrase,customizing user experience through learning algorithms,
Generative AI Services,Key Phrase,streamlining product feature ideation with generative AI,
Generative AI Services,Key Phrase,creating interactive customer engagement bots,
Generative AI Services,Key Phrase,leveraging AI for personalized marketing initiatives,
Generative AI Services,Key Phrase,automating lead qualification with intelligent bots,
Generative AI Services,Key Phrase,enhancing sales strategies with AI-driven insights,
Generative AI Services,Key Phrase,advancing digital product features with AI,
Generative AI Services,Key Phrase,driving user engagement through AI enhancements,
Generative AI Services,Key Phrase,elevating digital user experience with smart algorithms,
Generative AI Services,Key Phrase,innovating digital product strategies with generative AI,
Generative AI Services,Specific Roles,Product Manager,
Generative AI Services,Specific Roles,User Experience Designer,
Generative AI Services,Specific Roles,Customer Support Specialist,
Generative AI Services,Specific Roles,Customer Support Manager,
Generative AI Services,Specific Roles,Technical Support Specialist,
Generative AI Services,Specific Roles,AI Solutions Architect,
Generative AI Services,Specific Roles,IT Support Engineer,
Generative AI Services,Specific Roles,UX Designer,
Generative AI Services,Specific Roles,AI Research Scientist,
Generative AI Services,Specific Roles,Innovation Director,
Generative AI Services,Specific Roles,Customer Engagement Officer,
Generative AI Services,Specific Roles,Digital Marketing Strategist,
Generative AI Services,Specific Roles,Sales Operations Manager,
Generative AI Services,Specific Roles,AI Developer,
Generative AI Services,Specific Roles,Digital Strategy Director,
Generative AI Services,Specific Roles,Product Development Manager,
Generative AI Services,Specific Roles,UX/UI Designer,
Generative AI Services,Specific Roles,Chief Digital Officer,
Manufacturing Operational Efficiency,Use Cases,Operational Efficiency in Manufacturing,
Manufacturing Operational Efficiency,Job Departments,Operations Management,
Manufacturing Operational Efficiency,Job Departments,Production,
Manufacturing Operational Efficiency,Job Departments,Process Engineering,
Manufacturing Operational Efficiency,Job Departments,Operations,
Manufacturing Operational Efficiency,Job Departments,Manufacturing,
Manufacturing Operational Efficiency,Job Departments,Process Improvement,
Manufacturing Operational Efficiency,Key Phrase,AI solutions for streamlining manufacturing processes,
Manufacturing Operational Efficiency,Key Phrase,increasing productivity with AI-driven operational insights,increasing --> improvising
Manufacturing Operational Efficiency,Key Phrase,implementing AI for predictive maintenance in manufacturing,
Manufacturing Operational Efficiency,Key Phrase,boosting manufacturing throughput with AI,
Manufacturing Operational Efficiency,Key Phrase,reducing operational downtime through predictive analysis,
Manufacturing Operational Efficiency,Key Phrase,streamlining production processes using AI insights,
Manufacturing Operational Efficiency,Key Phrase,enhancing product quality with machine learning algorithms,
Manufacturing Operational Efficiency,Specific Roles,Operations Manager,
Manufacturing Operational Efficiency,Specific Roles,Manufacturing Engineer,
Manufacturing Operational Efficiency,Specific Roles,Process Improvement Specialist,
Manufacturing Operational Efficiency,Specific Roles,Continuous Improvement Lead,
Manufacturing Operational Efficiency,Specific Roles,Production Supervisor,
Model Development Support,Use Cases,AI-Enabled Product Development,
Model Development Support,Job Departments,Data Science,
Model Development Support,Job Departments,Machine Learning Engineering,
Model Development Support,Job Departments,Software Development,
Model Development Support,Job Departments,Product Development,
Model Development Support,Job Departments,User Experience,
Model Development Support,Job Departments,Innovation,
Model Development Support,Key Phrase,fine-tuning large language models for specific use cases,
Model Development Support,Key Phrase,building AI code generation platforms for developer efficiency,
Model Development Support,Key Phrase,leveraging private transformer models for secure AI applications,
Model Development Support,Key Phrase,incorporating AI to drive product innovation,
Model Development Support,Key Phrase,enhancing user interfaces with predictive functionality,
Model Development Support,Key Phrase,customizing user experience through learning algorithms,
Model Development Support,Key Phrase,streamlining product feature ideation with generative AI,
Model Development Support,Specific Roles,Data Scientist,
Model Development Support,Specific Roles,Machine Learning Engineer,
Model Development Support,Specific Roles,Software Developer,
Model Development Support,Specific Roles,Product Manager,
Model Development Support,Specific Roles,UX Designer,
Model Development Support,Specific Roles,AI Research Scientist,
Model Development Support,Specific Roles,Innovation Director,
Product Engineering & Support,Use Cases,AI-Enabled Product Development,
Product Engineering & Support,Use Cases,Digital Product Enhancement,
Product Engineering & Support,Job Departments,Engineering,
Product Engineering & Support,Job Departments,Technical Support,
Product Engineering & Support,Job Departments,Product Management,
Product Engineering & Support,Job Departments,Product Development,
Product Engineering & Support,Job Departments,User Experience,
Product Engineering & Support,Job Departments,Innovation,
Product Engineering & Support,Job Departments,Digital Strategy,
Product Engineering & Support,Key Phrase,integrating AI to streamline product enhancements,
Product Engineering & Support,Key Phrase,leveraging AI for personalized customer experiences,
Product Engineering & Support,Key Phrase,applying AI to automate support ticket resolution,
Product Engineering & Support,Key Phrase,incorporating AI to drive product innovation,
Product Engineering & Support,Key Phrase,enhancing user interfaces with predictive functionality,
Product Engineering & Support,Key Phrase,customizing user experience through learning algorithms,
Product Engineering & Support,Key Phrase,streamlining product feature ideation with generative AI,
Product Engineering & Support,Key Phrase,advancing digital product features with AI,
Product Engineering & Support,Key Phrase,driving user engagement through AI enhancements,
Product Engineering & Support,Key Phrase,elevating digital user experience with smart algorithms,
Product Engineering & Support,Key Phrase,innovating digital product strategies with generative AI,
Product Engineering & Support,Specific Roles,Software Engineer,
Product Engineering & Support,Specific Roles,Technical Support Engineer,
Product Engineering & Support,Specific Roles,Product Owner,
Product Engineering & Support,Specific Roles,Product Manager,
Product Engineering & Support,Specific Roles,UX Designer,
Product Engineering & Support,Specific Roles,AI Research Scientist,
Product Engineering & Support,Specific Roles,Innovation Director,
Product Engineering & Support,Specific Roles,Digital Strategy Director,
Product Engineering & Support,Specific Roles,Product Development Manager,
Product Engineering & Support,Specific Roles,UX/UI Designer,
Product Engineering & Support,Specific Roles,Chief Digital Officer,
QA and Testing Acceleration,Use Cases,Efficient QA and Testing,
QA and Testing Acceleration,Job Departments,Quality Assurance,
QA and Testing Acceleration,Job Departments,Software Development,
QA and Testing Acceleration,Job Departments,Product Testing,
QA and Testing Acceleration,Job Departments,Product Management,
QA and Testing Acceleration,Key Phrase,AI-driven acceleration of test automation delivery,
QA and Testing Acceleration,Key Phrase,prompt engineering for efficient test artifacts development,
QA and Testing Acceleration,Key Phrase,ML-based impact analysis for targeted testing,
QA and Testing Acceleration,Key Phrase,accelerating test case generation,
QA and Testing Acceleration,Key Phrase,minimizing regression testing turnaround time,
QA and Testing Acceleration,Key Phrase,improving accuracy of test impact analysis,1
QA and Testing Acceleration,Key Phrase,enhancing test coverage with AI-powered insights,
QA and Testing Acceleration,Specific Roles,QA Analyst,
QA and Testing Acceleration,Specific Roles,Automation Test Engineer,
QA and Testing Acceleration,Specific Roles,Software Developer in Test,
QA and Testing Acceleration,Specific Roles,QA Manager,
QA and Testing Acceleration,Specific Roles,Test Automation Engineer,
QA and Testing Acceleration,Specific Roles,Software Developer,
QA and Testing Acceleration,Specific Roles,Product Owner,
Retail & E-commerce Solutions,Use Cases,Personalized Customer Support,
Retail & E-commerce Solutions,Use Cases,Digital Product Enhancement,
Retail & E-commerce Solutions,Job Departments,E-commerce Strategy,
Retail & E-commerce Solutions,Job Departments,Marketing,
Retail & E-commerce Solutions,Job Departments,Customer Experience,
Retail & E-commerce Solutions,Job Departments,Customer Service,
Retail & E-commerce Solutions,Job Departments,Technical Support,
Retail & E-commerce Solutions,Job Departments,Information Technology,
Retail & E-commerce Solutions,Job Departments,Digital Strategy,
Retail & E-commerce Solutions,Job Departments,Product Management,
Retail & E-commerce Solutions,Job Departments,User Experience,
Retail & E-commerce Solutions,Key Phrase,personalizing online shopping experiences with AI,
Retail & E-commerce Solutions,Key Phrase,AI-enhanced feature development for e-commerce platforms,
Retail & E-commerce Solutions,Key Phrase,AI-driven market trend analysis for strategic planning,
Retail & E-commerce Solutions,Key Phrase,improving first contact resolution rate,1
Retail & E-commerce Solutions,Key Phrase,24/7 automated customer query handling,
Retail & E-commerce Solutions,Key Phrase,reducing average handle time of support tickets,
Retail & E-commerce Solutions,Key Phrase,enhancing customer satisfaction through AI personalization,
Retail & E-commerce Solutions,Key Phrase,advancing digital product features with AI,1
Retail & E-commerce Solutions,Key Phrase,driving user engagement through AI enhancements,
Retail & E-commerce Solutions,Key Phrase,elevating digital user experience with smart algorithms,
Retail & E-commerce Solutions,Key Phrase,innovating digital product strategies with generative AI,
Retail & E-commerce Solutions,Specific Roles,E-commerce Manager,
Retail & E-commerce Solutions,Specific Roles,Digital Marketing Specialist,
Retail & E-commerce Solutions,Specific Roles,Customer Experience Director,
Retail & E-commerce Solutions,Specific Roles,Customer Support Manager,
Retail & E-commerce Solutions,Specific Roles,Technical Support Specialist,
Retail & E-commerce Solutions,Specific Roles,AI Solutions Architect,
Retail & E-commerce Solutions,Specific Roles,IT Support Engineer,
Retail & E-commerce Solutions,Specific Roles,Digital Strategy Director,
Retail & E-commerce Solutions,Specific Roles,Product Development Manager,
Retail & E-commerce Solutions,Specific Roles,UX/UI Designer,
Retail & E-commerce Solutions,Specific Roles,Chief Digital Officer,
Storage Solutions,Use Cases,Cloud Storage Enhancement,
Storage Solutions,Use Cases,Enhanced Data Protection,
Storage Solutions,Job Departments,Storage Engineering,
Storage Solutions,Job Departments,IT Infrastructure,
Storage Solutions,Job Departments,Data Management,
Storage Solutions,Job Departments,Cloud Services,
Storage Solutions,Job Departments,Data Security,
Storage Solutions,Job Departments,Risk Management,
Storage Solutions,Job Departments,Compliance,
Storage Solutions,Key Phrase,optimizing I/O performance in SSD/FLASH storage systems,
Storage Solutions,Key Phrase,cloud storage API development for scalability and access,
Storage Solutions,Key Phrase,efficient data storage management with software-defined solutions,
Storage Solutions,Key Phrase,optimizing cloud storage capabilities,
Storage Solutions,Key Phrase,developing bespoke cloud APIs for scalability,
Storage Solutions,Key Phrase,streamlining cloud storage integration processes,
Storage Solutions,Key Phrase,improving cloud data accessibility and security,
Storage Solutions,Key Phrase,ensuring robust data backup and recovery,
Storage Solutions,Key Phrase,mitigating data security risks with AI,
Storage Solutions,Key Phrase,achieving regulatory compliance in data management,
Storage Solutions,Key Phrase,enhancing data resilience for future scalability,
Storage Solutions,Specific Roles,Storage Systems Engineer,
Storage Solutions,Specific Roles,Infrastructure Architect,
Storage Solutions,Specific Roles,Data Protection Officer,
Storage Solutions,Specific Roles,Cloud Architect,
Storage Solutions,Specific Roles,Storage Solutions Engineer,
Storage Solutions,Specific Roles,Data Scientist,
Storage Solutions,Specific Roles,Infrastructure Manager,
Storage Solutions,Specific Roles,Chief Information Security Officer,
Storage Solutions,Specific Roles,Data Protection Specialist,
Storage Solutions,Specific Roles,Risk Analyst,
Storage Solutions,Specific Roles,Compliance Officer,
Telecommunication Products,Use Cases,Telecom Product Development,
Telecommunication Products,Use Cases,Intelligent Bot Development,
Telecommunication Products,Job Departments,Telecommunications,
Telecommunication Products,Job Departments,Customer Service,
Telecommunication Products,Job Departments,Product Development,
Telecommunication Products,Job Departments,Product Innovation,
Telecommunication Products,Job Departments,Customer Experience,
Telecommunication Products,Job Departments,Customer Engagement,
Telecommunication Products,Job Departments,Marketing,
Telecommunication Products,Job Departments,Sales,
Telecommunication Products,Key Phrase,improving customer service with AI-powered chatbots,
Telecommunication Products,Key Phrase,developing intelligent telecommunication solutions with AI,
Telecommunication Products,Key Phrase,AI-driven personalization for enhanced telecom services,
Telecommunication Products,Key Phrase,empowering telecom product innovation with AI,
Telecommunication Products,Key Phrase,personalizing telecom services using generative AI,
Telecommunication Products,Key Phrase,improving network management with AI analytics,1
Telecommunication Products,Key Phrase,transforming customer interactions with AI-powered solutions,
Telecommunication Products,Key Phrase,creating interactive customer engagement bots,
Telecommunication Products,Key Phrase,leveraging AI for personalized marketing initiatives,
Telecommunication Products,Key Phrase,automating lead qualification with intelligent bots,
Telecommunication Products,Key Phrase,enhancing sales strategies with AI-driven insights,
Telecommunication Products,Specific Roles,Telecom Product Manager,
Telecommunication Products,Specific Roles,Customer Service Manager,
Telecommunication Products,Specific Roles,IT Project Manager,
Telecommunication Products,Specific Roles,Network Engineer,
Telecommunication Products,Specific Roles,Customer Experience Strategist,
Telecommunication Products,Specific Roles,Innovation Lead,
Telecommunication Products,Specific Roles,Customer Engagement Officer,
Telecommunication Products,Specific Roles,Digital Marketing Strategist,
Telecommunication Products,Specific Roles,Sales Operations Manager,
Telecommunication Products,Specific Roles,AI Developer,