domain_name,country,product_line,value_type,value
maersk.com,Denmark,DAP - CLM,initiatives,Enhancing technology procurement process and contract management
maersk.com,Denmark,DAP - CLM,initiatives,Improving cost efficiency and spend management in IT procurement
maersk.com,Denmark,DAP - CLM,initiatives,Streamlining supplier engagement and negotiation processes
maersk.com,Denmark,DAP - CLM,initiatives,Enhancing stakeholder management and communication in IT procurement
maersk.com,Guatemala,DAP - CLM,initiatives,Enhancing supply chain efficiency and agility
maersk.com,Guatemala,DAP - CLM,initiatives,Improving procurement process and compliance
maersk.com,Guatemala,DAP - CLM,initiatives,Optimizing inventory management and delivery times
maersk.com,Guatemala,DAP - CLM,initiatives,Driving cost savings and P&L improvement
maersk.com,Guatemala,DAP - CLM,initiatives,Enabling collaboration with Asset Maintenance for supply chain optimization
maersk.com,Guatemala,DAP - CLM,initiatives,Consolidating spend across regions for efficient leverage
maersk.com,Guatemala,DAP - CLM,initiatives,Supporting APMT CAPEX initiatives for competitiveness and timely delivery
maersk.com,Guatemala,DAP - CLM,initiatives,Leading continued transformation and growth opportunities
maersk.com,China,DAP - CLM,initiatives,Standardize and optimize Depot and EMR Procurement processes
maersk.com,China,DAP - CLM,initiatives,Enhance cost ownership and drive cost leadership
maersk.com,China,DAP - CLM,initiatives,Support operations to solve disruption and gain efficiency from execution of the contracts
maersk.com,China,DAP - CLM,initiatives,Develop and roll out and optimize effective business and engagement model to support customer centricity
maersk.com,China,DAP - CLM,initiatives,Support Procurement projects for areas and countries where needed
maersk.com,India,DAP - CLM,initiatives,Efficient handling of multi-regional customer Requests for Quote (RFQ)
maersk.com,India,DAP - CLM,initiatives,Streamlining product strategy and pricing processes
maersk.com,India,DAP - CLM,initiatives,Driving annual top-line and volume growth for the product
maersk.com,India,DAP - CLM,initiatives,Collaborating with sales enablement team and product BPO for updated sales material
maersk.com,India,DAP - CLM,initiatives,Enhancing customer experience and engagement
maersk.com,Denmark,DAP - CLM,team,Maersk IT/Tech Procurement team
maersk.com,Guatemala,DAP - CLM,team,Procurement team
maersk.com,Guatemala,DAP - CLM,team,Asset Maintenance team
maersk.com,China,DAP - CLM,team,Asia Pacific Ocean Procurement team
maersk.com,India,DAP - CLM,team,Regional Head of Growth and Solutions
maersk.com,India,DAP - CLM,team,CHB Procurement Manager
maersk.com,Denmark,DAP - CLM,positioning,Whatfix DAP provides in-app guidance and analytics for efficient technology procurement
maersk.com,Denmark,DAP - CLM,positioning,Whatfix supports stakeholder engagement and communication for streamlined supplier negotiation
maersk.com,Denmark,DAP - CLM,positioning,Whatfix enhances user proficiency in contract management processes for global impact
maersk.com,Guatemala,DAP - CLM,positioning,In-app guidance and analytics for supply chain efficiency
maersk.com,Guatemala,DAP - CLM,positioning,Self-help resources for procurement process compliance
maersk.com,Guatemala,DAP - CLM,positioning,Improving user proficiency in inventory management and delivery
maersk.com,Guatemala,DAP - CLM,positioning,Driving cost savings through efficient procurement strategies
maersk.com,Guatemala,DAP - CLM,positioning,Enabling collaboration and optimization with Asset Maintenance
maersk.com,Guatemala,DAP - CLM,positioning,Supporting spend consolidation across regions for efficiency
maersk.com,Guatemala,DAP - CLM,positioning,Facilitating digital transformation for APMT CAPEX initiatives
maersk.com,Guatemala,DAP - CLM,positioning,Driving transformation and growth through user adoption and proficiency
maersk.com,China,DAP - CLM,positioning,Whatfix DAP can provide in-app guidance and self-help resources for standardizing and optimizing procurement processes
maersk.com,China,DAP - CLM,positioning,Analytics can help in enhancing cost ownership and driving cost leadership
maersk.com,China,DAP - CLM,positioning,In-app guidance can support operations in solving disruptions and gaining efficiency in contract execution
maersk.com,China,DAP - CLM,positioning,Whatfix DAP can aid in optimizing business and engagement models to support customer centricity
maersk.com,China,DAP - CLM,positioning,In-app guidance and analytics can support procurement projects in various areas and countries
maersk.com,India,DAP - CLM,positioning,In-app guidance and self-help resources for efficient RFQ handling
maersk.com,India,DAP - CLM,positioning,Analytics for streamlining product strategy and pricing processes
maersk.com,India,DAP - CLM,positioning,Enhanced end-user adoption and proficiency for driving growth
maersk.com,India,DAP - CLM,positioning,Support for maintaining updated sales material and conducting training events
maersk.com,India,DAP - CLM,positioning,Improving customer experience and engagement through better product adoption
alcon.com,United States,DAP - CRM,initiatives,Enhancing sales training and development programs for surgical products
alcon.com,United States,DAP - CRM,initiatives,Improving technical product knowledge and clinical application for sales representatives
alcon.com,United States,DAP - CRM,initiatives,"Supporting sales meetings, major conventions, and product launches globally"
aig.com,China,DAP - CRM,initiatives,Enhancing agent productivity and efficiency through in-app guidance and training
aig.com,China,DAP - CRM,initiatives,Improving sales penetration and submission activities with interactive aids and smart tips
aig.com,China,DAP - CRM,initiatives,Increasing agent proficiency and adoption rates through no-code visual editor for CRM
aig.com,China,DAP - CRM,initiatives,Maintaining strong relationships with agents and brokers through frequent interaction and personalized guidance
cisco.com,Canada,DAP - CRM,initiatives,Accelerating customer adoption lifecycle for Cisco's entire portfolio of products and services
cisco.com,Canada,DAP - CRM,initiatives,Delivering value to customers and accelerating them to their desired business outcomes
cisco.com,Canada,DAP - CRM,initiatives,"Improving customer sentiment, adoption, retention, and growth"
cisco.com,Canada,DAP - CRM,initiatives,Bringing together teams to engage customers and help them realize business value faster
cisco.com,Singapore,DAP - CRM,initiatives,Sales acceleration and execution of Cisco's solutions and services in APJC
cisco.com,Singapore,DAP - CRM,initiatives,Driving growth and profitability in the India and ASEAN theatres
cisco.com,Singapore,DAP - CRM,initiatives,Enhancing CRM software usability and adoption rates for large and complex accounts
cisco.com,Singapore,DAP - CRM,initiatives,Improving user proficiency and adoption rates for Cisco's Collaboration solutions
cisco.com,Singapore,DAP - CRM,initiatives,"Driving pipeline growth, renewals, and new business expansion through SaaS tools and CRM"
cisco.com,Singapore,DAP - CRM,initiatives,Developing and executing sales strategies to drive sales of Cisco-based Managed Services with S/MSPs
firstcitizens.com,United States,DAP - CRM,initiatives,Enhancing user proficiency and adoption rates for CRM software
firstcitizens.com,United States,DAP - CRM,initiatives,Improving sales origination and business development processes
firstcitizens.com,United States,DAP - CRM,initiatives,Enhancing relationship management with Tier 1 & 2 companies
firstcitizens.com,United States,DAP - CRM,initiatives,Improving cross-selling of the SVB product platform
firstcitizens.com,United States,DAP - CRM,initiatives,Ensuring highest credit quality for new relationships
firstcitizens.com,United States,DAP - CRM,initiatives,Closely tracking all sales activity in CRM database
firstcitizens.com,United States,DAP - CRM,initiatives,Leveraging sub-sector insights nationally to make informed risk decisions
firstcitizens.com,United States,DAP - CRM,initiatives,Launching and supporting ideas and vision in banking and financial services
cisco.com,United States,DAP - CRM,initiatives,Sales process optimization and automation
cisco.com,United States,DAP - CRM,initiatives,Enhancing customer experience and engagement
cisco.com,United States,DAP - CRM,initiatives,Improving sales team productivity and efficiency
alcon.com,China,DAP - CRM,initiatives,Sales process optimization through data-driven insights
alcon.com,China,DAP - CRM,initiatives,Enhancing customer experience and support for surgical products
alcon.com,China,DAP - CRM,initiatives,Improving sales team productivity and effectiveness through targeted training
alcon.com,China,DAP - CRM,initiatives,Driving sales performance analysis and incentive management
alcon.com,China,DAP - CRM,initiatives,Ensuring alignment and standardization of go-to-market strategies
cisco.com,Japan,DAP - CRM,initiatives,"Promote hybrid work by expanding Web conferencing, chat, video devices, cloud calling, and contact center services globally."
cisco.com,Japan,DAP - CRM,initiatives,"Develop Cisco's ability to identify, quantify, qualify, and maximize opportunities addressing customer Collaboration needs."
cisco.com,Japan,DAP - CRM,initiatives,Build and execute an innovative long-range business plan for Japan Collaboration Business.
cisco.com,Japan,DAP - CRM,initiatives,"Understand, articulate, and position Cisco's end-to-end Collaboration Architecture and Services incorporating Software and services."
cisco.com,Japan,DAP - CRM,initiatives,"Develop Go-to-Market strategies to grow collaboration across large accounts, SMB, and Partners."
cisco.com,Japan,DAP - CRM,initiatives,"Deliver business value to select opportunities for the account, partner, eco-system, and Cisco account team."
cisco.com,Japan,DAP - CRM,initiatives,"Incubate and cultivate senior level relationships with key customers, partners, and eco-system vendors to executive level across the region."
cisco.com,Japan,DAP - CRM,initiatives,"Establish a strong team, collaborative market development, and selling approach."
cisco.com,Japan,DAP - CRM,initiatives,"Lead, influence, and mentor sales teams to increase their effectiveness in selling Collaboration solutions."
maersk.com,Thailand,DAP - CRM,initiatives,Enhance customer satisfaction and business growth in Asia Pacific region
maersk.com,Thailand,DAP - CRM,initiatives,Lead customer transformation and value-adding projects in the customer supply chain
maersk.com,Thailand,DAP - CRM,initiatives,Orchestrate strategic operations and drive process standardization/efficiency
maersk.com,Thailand,DAP - CRM,initiatives,Enable sharing of operational expertise and knowledge within the community
maersk.com,Thailand,DAP - CRM,initiatives,"Engage with Commercial, Operational, and Product experts to explore additional business"
maersk.com,Nigeria,DAP - CRM,initiatives,Enhancing customer relationship management for port operations and container management services
maersk.com,Nigeria,DAP - CRM,initiatives,Improving sales team productivity and performance management through digital tools
maersk.com,Nigeria,DAP - CRM,initiatives,Streamlining and optimizing sales processes with in-app guidance and training
maersk.com,Nigeria,DAP - CRM,initiatives,Ensuring real-time visibility of sales teams performance and pipeline size through Salesforce
maersk.com,Nigeria,DAP - CRM,initiatives,Providing constant performance management and coaching tools for sales leaders
alcon.com,United States,DAP - CRM,team,Global Sales Training Team
alcon.com,United States,DAP - CRM,team,Regional Sales Training Managers
alcon.com,United States,DAP - CRM,team,International Sales Training and Marketing (IMG) teams
aig.com,China,DAP - CRM,team,Sales Channel Practices
aig.com,China,DAP - CRM,team,Campaign and Communication Team
aig.com,China,DAP - CRM,team,Service Centers and Product Towers
cisco.com,Canada,DAP - CRM,team,Customer Experience (CX) organization
cisco.com,Canada,DAP - CRM,team,CX Field teams
cisco.com,Canada,DAP - CRM,team,Business Unit (Product) Organizations
cisco.com,Canada,DAP - CRM,team,"Sales, Renewals, and Partner Organizations"
cisco.com,Canada,DAP - CRM,team,CX Product Management
cisco.com,Singapore,DAP - CRM,team,APJC Partner & Route to Market Sales
cisco.com,Singapore,DAP - CRM,team,India and ASEAN Sales Leadership
cisco.com,Singapore,DAP - CRM,team,Collaboration Sales Team
cisco.com,Singapore,DAP - CRM,team,Managed Services Sales Team
firstcitizens.com,United States,DAP - CRM,team,Sales Origination Team
firstcitizens.com,United States,DAP - CRM,team,Relationship Management Team
firstcitizens.com,United States,DAP - CRM,team,Credit Solutions Team
firstcitizens.com,United States,DAP - CRM,team,SVB Relationship Team
cisco.com,United States,DAP - CRM,team,Global Sales Administration and the Global ADR team
cisco.com,United States,DAP - CRM,team,Customer Success organization
cisco.com,United States,DAP - CRM,team,Meraki Sales team
alcon.com,China,DAP - CRM,team,Commercial Excellence Solutions Team
alcon.com,China,DAP - CRM,team,Sales Operations Team
alcon.com,China,DAP - CRM,team,Customer Service Team
cisco.com,Japan,DAP - CRM,team,Collaboration Sales Team
cisco.com,Japan,DAP - CRM,team,Marketing Team
cisco.com,Japan,DAP - CRM,team,Partners
cisco.com,Japan,DAP - CRM,team,Cisco Business Units
maersk.com,Thailand,DAP - CRM,team,Customer Experience (CX) community
maersk.com,Thailand,DAP - CRM,team,Client Program Management team
maersk.com,Nigeria,DAP - CRM,team,Commercial department
maersk.com,Nigeria,DAP - CRM,team,Sales operations management team
cisco.com,Singapore,DAP - CRM,tools,SaaS tools
cisco.com,Singapore,DAP - CRM,tools,CRM
cisco.com,United States,DAP - CRM,tools,Salesforce.com
cisco.com,United States,DAP - CRM,tools,MS Office Suite
alcon.com,China,DAP - CRM,tools,SFDC (Salesforce)
alcon.com,China,DAP - CRM,tools,Pitcher
alcon.com,China,DAP - CRM,tools,SAP
alcon.com,China,DAP - CRM,tools,CRM (Customer Relationship Management) system
cisco.com,Japan,DAP - CRM,tools,Webex (Collaboration)
maersk.com,Nigeria,DAP - CRM,tools,Salesforce
maersk.com,Nigeria,DAP - CRM,tools,Whatfix Digital Adoption Platform (DAP) for CRM
alcon.com,United States,DAP - CRM,positioning,Whatfix DAP for CRM can provide in-app guidance and training for sales training programs
alcon.com,United States,DAP - CRM,positioning,Enhance user proficiency and adoption rates for technical product knowledge and clinical application
alcon.com,United States,DAP - CRM,positioning,Improve consistency and quality of training delivery across different geographies
aig.com,China,DAP - CRM,positioning,Whatfix DAP enhances agent productivity and efficiency through in-app guidance and training
aig.com,China,DAP - CRM,positioning,Improves sales penetration and submission activities with interactive aids and smart tips
aig.com,China,DAP - CRM,positioning,Increases agent proficiency and adoption rates through no-code visual editor for CRM
aig.com,China,DAP - CRM,positioning,Maintains strong relationships with agents and brokers through personalized guidance
cisco.com,Canada,DAP - CRM,positioning,Whatfix DAP for CRM can provide in-app guidance and training to accelerate customer adoption lifecycle
cisco.com,Canada,DAP - CRM,positioning,Enhance usability of Cisco's entire portfolio by providing interactive aids and smart tips
cisco.com,Canada,DAP - CRM,positioning,Improve customer sentiment and retention through no-code Visual Editor for creating interactive aids
cisco.com,Canada,DAP - CRM,positioning,Drive customer value realization and business outcomes through improved user proficiency and adoption rates
cisco.com,Singapore,DAP - CRM,positioning,Whatfix DAP enhances CRM usability and adoption for large and complex accounts
cisco.com,Singapore,DAP - CRM,positioning,Provides in-app guidance and training for Cisco's Collaboration solutions
cisco.com,Singapore,DAP - CRM,positioning,"Drives pipeline growth, renewals, and new business expansion through SaaS tools and CRM"
firstcitizens.com,United States,DAP - CRM,positioning,Whatfix DAP provides in-app guidance and training for CRM software
firstcitizens.com,United States,DAP - CRM,positioning,"No-code Visual Editor creates interactive aids such as Flows, Task Lists, and Smart Tips"
firstcitizens.com,United States,DAP - CRM,positioning,Improves user proficiency and adoption rates
firstcitizens.com,United States,DAP - CRM,positioning,Enables close tracking of sales activity in CRM database
firstcitizens.com,United States,DAP - CRM,positioning,Facilitates leveraging sub-sector insights for informed risk decisions
cisco.com,United States,DAP - CRM,positioning,Whatfix DAP provides in-app guidance for process optimization and automation
cisco.com,United States,DAP - CRM,positioning,Enhances user proficiency and adoption rates for improved customer engagement
cisco.com,United States,DAP - CRM,positioning,Enables training and support for sales teams to drive productivity and efficiency
alcon.com,China,DAP - CRM,positioning,Whatfix DAP provides in-app guidance for sales process optimization and training
alcon.com,China,DAP - CRM,positioning,Enhances user proficiency in CRM and sales tools for improved customer support
alcon.com,China,DAP - CRM,positioning,Enables targeted training and onboarding for improved sales team productivity
alcon.com,China,DAP - CRM,positioning,Provides in-app guidance for sales performance analysis and incentive management
alcon.com,China,DAP - CRM,positioning,Facilitates standardization and alignment of go-to-market strategies through in-app guidance
cisco.com,Japan,DAP - CRM,positioning,Whatfix DAP for CRM enhances usability by providing in-app guidance and training.
cisco.com,Japan,DAP - CRM,positioning,"Improves user proficiency and adoption rates through interactive aids such as Flows, Task Lists, and Smart Tips."
cisco.com,Japan,DAP - CRM,positioning,Enables building and executing innovative long-range business plans for collaboration business.
cisco.com,Japan,DAP - CRM,positioning,"Helps in understanding, articulating, and positioning end-to-end Collaboration Architecture and Services."
cisco.com,Japan,DAP - CRM,positioning,Aids in developing Go-to-Market strategies to grow collaboration across accounts and partners.
cisco.com,Japan,DAP - CRM,positioning,Assists in delivering business value to select opportunities and establishing strong team collaboration.
cisco.com,Japan,DAP - CRM,positioning,"Facilitates leading, influencing, and mentoring sales teams to increase their effectiveness."
maersk.com,Thailand,DAP - CRM,positioning,Whatfix DAP enhances CRM usability with in-app guidance and training
maersk.com,Thailand,DAP - CRM,positioning,Improves user proficiency and adoption rates
maersk.com,Thailand,DAP - CRM,positioning,Enables strategic operations and process standardization
maersk.com,Thailand,DAP - CRM,positioning,Facilitates sharing of operational expertise within the community
maersk.com,Thailand,DAP - CRM,positioning,Aids in exploring and implementing additional business initiatives
maersk.com,Nigeria,DAP - CRM,positioning,Whatfix DAP for CRM enhances customer relationship management for port operations and container management services
maersk.com,Nigeria,DAP - CRM,positioning,Improves sales team productivity and performance management through in-app guidance and training
maersk.com,Nigeria,DAP - CRM,positioning,Enables real-time visibility of sales teams performance and pipeline size through Salesforce integration
maersk.com,Nigeria,DAP - CRM,positioning,Provides constant performance management and coaching tools for sales leaders
maersk.com,Nigeria,DAP - CRM,positioning,"Streamlines and optimizes sales processes with interactive aids such as Flows, Task Lists, and Smart Tips"
alcon.com,Poland,DAP - ERP,initiatives,Global transformation & implementation projects for ERP and process changes
alcon.com,Poland,DAP - ERP,initiatives,Enhancements to ERP systems to improve functionality and automation
alcon.com,Poland,DAP - ERP,initiatives,Roll-out of policies and procedures related to cross-functional processes globally
alcon.com,Poland,DAP - ERP,initiatives,Development and management of integrated roadmap for cross-functional process area
alcon.com,Poland,DAP - ERP,initiatives,Critical Global Cross-Functional Transformation initiatives for end-to-end process area
maersk.com,India,DAP - ERP,initiatives,Optimizing transportation logistics and improving financial process automation
maersk.com,India,DAP - ERP,initiatives,"Enhancing controls, reducing complexity, and streamlining end-to-end financial processes"
varian.com,United States,DAP - ERP,initiatives,Global Supplier Quality Management
varian.com,United States,DAP - ERP,initiatives,Strategic Initiatives for FOCUS25
maersk.com,Netherlands,DAP - ERP,initiatives,Enhancing global AM processes and compliance
maersk.com,Netherlands,DAP - ERP,initiatives,Improving user adoption and support at terminals
maersk.com,Netherlands,DAP - ERP,initiatives,Implementing Digital AM organization and IFS10 benefits
maersk.com,Netherlands,DAP - ERP,initiatives,Driving change management and process improvements
maersk.com,Mexico,DAP - ERP,initiatives,Tax compliance and reporting for APMM entities in LATAM
maersk.com,Mexico,DAP - ERP,initiatives,Finance transformation and migration of processes
maersk.com,Mexico,DAP - ERP,initiatives,Global HR organization building and talent acquisition
maersk.com,Mexico,DAP - ERP,initiatives,Stabilizing new processes and setting up performance metrics
alcon.com,Poland,DAP - ERP,team,Global Process Owners
alcon.com,Poland,DAP - ERP,team,Subject Matter Experts
alcon.com,Poland,DAP - ERP,team,Application Owners (Business and IT)
alcon.com,Poland,DAP - ERP,team,Lean Six Sigma experts
alcon.com,Poland,DAP - ERP,team,IT experts
maersk.com,India,DAP - ERP,team,PTP (Procure to Pay) product team
maersk.com,India,DAP - ERP,team,"Finance, IT, and operations teams"
varian.com,United States,DAP - ERP,team,Supply Chain Quality Team
varian.com,United States,DAP - ERP,team,Strategic Initiatives Team
maersk.com,Netherlands,DAP - ERP,team,AM Business Process Owner (BPO)
maersk.com,Netherlands,DAP - ERP,team,Global AM team
maersk.com,Netherlands,DAP - ERP,team,AM Portfolio Managers
maersk.com,Netherlands,DAP - ERP,team,TECH/IT Owner
maersk.com,Netherlands,DAP - ERP,team,Terminal maintenance teams
maersk.com,Netherlands,DAP - ERP,team,Terminal leadership
maersk.com,Netherlands,DAP - ERP,team,Other BPOs and FPOs in their functional areas
maersk.com,Mexico,DAP - ERP,team,Tax Operations Team
maersk.com,Mexico,DAP - ERP,team,Finance Transformation Team
maersk.com,Mexico,DAP - ERP,team,Global HR Organization Team
maersk.com,Mexico,DAP - ERP,team,Transition Function Team
alcon.com,Poland,DAP - ERP,tools,SAP
alcon.com,Poland,DAP - ERP,tools,Other ERP Applications
alcon.com,Poland,DAP - ERP,tools,Agile/Scrum/Waterfall/Sprint methodologies
varian.com,United States,DAP - ERP,tools,"HCM (e.g., Workday) or equivalent ERP product and productivity software"
varian.com,United States,DAP - ERP,tools,"Microsoft Word, Excel, PowerPoint, SAP HANA, SAP Manufacturing Execution System (MES), SAP Manufacturing Integration, Microsoft Excel, Microsoft PowerBI, Tableau, QlikView"
maersk.com,Netherlands,DAP - ERP,tools,IFS10 - EAM and Work Order Management modules
maersk.com,Mexico,DAP - ERP,tools,SAP
maersk.com,Mexico,DAP - ERP,tools,Power BI
maersk.com,Mexico,DAP - ERP,tools,ERP platforms
maersk.com,Mexico,DAP - ERP,tools,Project management tools and technologies
alcon.com,Poland,DAP - ERP,positioning,"Contextual, in-app guidance for ERP systems"
alcon.com,Poland,DAP - ERP,positioning,No-code editor for creating interactive content
alcon.com,Poland,DAP - ERP,positioning,Boosting adoption and productivity across departments like finance and HR
alcon.com,Poland,DAP - ERP,positioning,Streamlining processes and improving operational outcomes
maersk.com,India,DAP - ERP,positioning,"Contextual, in-app guidance for transportation logistics and financial process automation"
maersk.com,India,DAP - ERP,positioning,No-code editor for creating interactive content to streamline financial processes
varian.com,United States,DAP - ERP,positioning,"Enhance supplier quality management processes with contextual, in-app guidance and support"
varian.com,United States,DAP - ERP,positioning,"Streamline strategic initiatives with no-code editor for creating interactive content, boosting adoption and productivity"
maersk.com,Netherlands,DAP - ERP,positioning,"Contextual, in-app guidance for global AM processes and compliance"
maersk.com,Netherlands,DAP - ERP,positioning,No-code editor for creating interactive content to support user adoption
maersk.com,Netherlands,DAP - ERP,positioning,Empowering communities to share ideas and enable best practices
maersk.com,Netherlands,DAP - ERP,positioning,Enhancing stakeholder management and collaboration within ERP-EAM environment
maersk.com,Mexico,DAP - ERP,positioning,"Contextual, in-app guidance for tax compliance and reporting in LATAM"
maersk.com,Mexico,DAP - ERP,positioning,No-code editor for creating interactive content for finance transformation
maersk.com,Mexico,DAP - ERP,positioning,Enhancing talent acquisition and onboarding processes with in-app support
maersk.com,Mexico,DAP - ERP,positioning,Supporting transition and migration processes with contextual guidance
cisco.com,United States,DAP - HCM,initiatives,Enhancing employee engagement with HCM systems like SAP SuccessFactors and Workday
cisco.com,United States,DAP - HCM,initiatives,Reducing onboarding times and improving process compliance
cisco.com,United States,DAP - HCM,initiatives,Offering real-time analytics to drive user adoption and optimize HR processes
aig.com,United States,DAP - HCM,initiatives,Enhancing employee engagement with HCM systems like SAP SuccessFactors and Workday
aig.com,United States,DAP - HCM,initiatives,Reducing onboarding times and improving process compliance
aig.com,United States,DAP - HCM,initiatives,Offering real-time analytics to drive user adoption and optimize HR processes
highmarkhealth.org,United States,DAP - HCM,initiatives,Enhance employee engagement with HCM systems
highmarkhealth.org,United States,DAP - HCM,initiatives,Reduce onboarding times and improve process compliance
highmarkhealth.org,United States,DAP - HCM,initiatives,Provide real-time analytics to drive user adoption and optimize HR processes
alcon.com,Poland,DAP - HCM,initiatives,Enhancing HR operations efficiency and compliance through digital transformation
alcon.com,Poland,DAP - HCM,initiatives,Improving employee engagement and experience with HCM systems
alcon.com,Poland,DAP - HCM,initiatives,Optimizing talent management processes for better decision-making and retention
alcon.com,Poland,DAP - HCM,initiatives,Ensuring seamless onboarding and HR lifecycle management across geographies
maersk.com,India,DAP - HCM,initiatives,Streamline and improve Global HR processes
maersk.com,India,DAP - HCM,initiatives,"Enhance efficiency, effectiveness, and employee experience"
maersk.com,India,DAP - HCM,initiatives,Optimize end-to-end People processes within Talent Attraction & Acquisition
cisco.com,United States,DAP - HCM,team,HR Technology team
cisco.com,United States,DAP - HCM,team,People and Communities (HR) team
aig.com,United States,DAP - HCM,team,Regional HR Service Delivery Team
aig.com,United States,DAP - HCM,team,Leave Administration and Wellness Team
highmarkhealth.org,United States,DAP - HCM,team,HR Systems Team
highmarkhealth.org,United States,DAP - HCM,team,Business Leaders
alcon.com,Poland,DAP - HCM,team,HR Operations
alcon.com,Poland,DAP - HCM,team,Talent Management
alcon.com,Poland,DAP - HCM,team,Employee Engagement
alcon.com,Poland,DAP - HCM,team,Onboarding and HR Lifecycle Management
maersk.com,India,DAP - HCM,team,Global Process Optimization Team
maersk.com,India,DAP - HCM,team,Talent Attraction & Acquisition Team
cisco.com,United States,DAP - HCM,tools,SAP SuccessFactors
cisco.com,United States,DAP - HCM,tools,Workday
aig.com,United States,DAP - HCM,tools,SAP SuccessFactors
aig.com,United States,DAP - HCM,tools,Workday
aig.com,United States,DAP - HCM,tools,ServiceNow
aig.com,United States,DAP - HCM,tools,HRIS system
highmarkhealth.org,United States,DAP - HCM,tools,Workday HCM
highmarkhealth.org,United States,DAP - HCM,tools,Kronos/UKG
alcon.com,Poland,DAP - HCM,tools,Workday
alcon.com,Poland,DAP - HCM,tools,HR Information System
alcon.com,Poland,DAP - HCM,tools,Service Center technologies
maersk.com,India,DAP - HCM,tools,ARIS
maersk.com,India,DAP - HCM,tools,RPA
maersk.com,India,DAP - HCM,tools,JIRA
maersk.com,India,DAP - HCM,tools,Confluence
maersk.com,India,DAP - HCM,tools,Celonis
cisco.com,United States,DAP - HCM,positioning,Enhances employee engagement with HCM systems
cisco.com,United States,DAP - HCM,positioning,Reduces onboarding times and improves process compliance
cisco.com,United States,DAP - HCM,positioning,Offers real-time analytics to drive user adoption and optimize HR processes
aig.com,United States,DAP - HCM,positioning,"No-code, contextual, and guided in-app solution for seamless HCM system engagement"
aig.com,United States,DAP - HCM,positioning,Enhances onboarding efficiency and ensures process compliance
aig.com,United States,DAP - HCM,positioning,Provides real-time analytics for data-driven decision-making in HR processes
highmarkhealth.org,United States,DAP - HCM,positioning,"Whatfix DAP provides contextual, guided in-app solution for HCM systems"
highmarkhealth.org,United States,DAP - HCM,positioning,Enables continuous improvement and innovation within HR functions
highmarkhealth.org,United States,DAP - HCM,positioning,"Facilitates coaching, development, and goal alignment for employees"
highmarkhealth.org,United States,DAP - HCM,positioning,Offers real-time analytics for driving user adoption and optimizing HR processes
alcon.com,Poland,DAP - HCM,positioning,Whatfix DAP provides contextual guidance for efficient HR operations and compliance
alcon.com,Poland,DAP - HCM,positioning,Enhances user engagement with HCM systems like Workday and ensures optimal usage
alcon.com,Poland,DAP - HCM,positioning,Offers real-time analytics for talent management and decision-making processes
alcon.com,Poland,DAP - HCM,positioning,Reduces onboarding times and ensures consistent HR lifecycle management across global geographies
maersk.com,India,DAP - HCM,positioning,"Whatfix DAP for HCM provides no-code, contextual, and guided in-app solution"
maersk.com,India,DAP - HCM,positioning,Reduces onboarding times and improves process compliance
maersk.com,India,DAP - HCM,positioning,Offers real-time analytics to drive user adoption and optimize HR processes
highmarkhealth.org,United States,DAP - S2P & Procurement,initiatives,Strategic sourcing for spend categories
highmarkhealth.org,United States,DAP - S2P & Procurement,initiatives,Supplier relationship management
highmarkhealth.org,United States,DAP - S2P & Procurement,initiatives,Demand and compliance management
highmarkhealth.org,United States,DAP - S2P & Procurement,initiatives,Internal spend and external market analysis
highmarkhealth.org,United States,DAP - S2P & Procurement,initiatives,Category governance for sustainable value
alcon.com,United States,DAP - S2P & Procurement,initiatives,Enhancing procurement analytics for effective category management
alcon.com,United States,DAP - S2P & Procurement,initiatives,Driving innovation in procurement processes through data-driven decision-making
alcon.com,United States,DAP - S2P & Procurement,initiatives,Improving global supply chain planning and data management
alcon.com,United States,DAP - S2P & Procurement,initiatives,Enabling customer-centricity in supply chain operations
maersk.com,Denmark,DAP - S2P & Procurement,initiatives,Transformation of Technology Procurement function
maersk.com,Denmark,DAP - S2P & Procurement,initiatives,Global partnerships with market leaders for Transportation Assets
maersk.com,Denmark,DAP - S2P & Procurement,initiatives,Development and execution of storage solutions procurement strategies
maersk.com,Denmark,DAP - S2P & Procurement,initiatives,Category framework development across all brands in Maersk
maersk.com,Denmark,DAP - S2P & Procurement,initiatives,Optimizing external spending and unlocking synergies
aig.com,Canada,DAP - S2P & Procurement,initiatives,Enhancing and safeguarding the companyâ€™s reputation through prudent capital and financial management
aig.com,Canada,DAP - S2P & Procurement,initiatives,"Implementing changes to Finance organizational design, processes, and systems to improve efficiency and effectiveness"
aig.com,Canada,DAP - S2P & Procurement,initiatives,"Championing continuous improvement initiatives, particularly in enhancing internal controls and streamlining processes"
aig.com,Canada,DAP - S2P & Procurement,initiatives,Ensuring all internal and regulatory financial reporting requirements are met in a timely and accurate manner
aig.com,Canada,DAP - S2P & Procurement,initiatives,Driving technology platform development and adoption to align with global strategies
maersk.com,India,DAP - S2P & Procurement,initiatives,Enhancing procurement processes for warehousing solutions
maersk.com,India,DAP - S2P & Procurement,initiatives,Driving digital transformation in source to pay process
maersk.com,India,DAP - S2P & Procurement,initiatives,Implementing sustainable and scalable digital solutions for procurement
maersk.com,India,DAP - S2P & Procurement,initiatives,Improving risk assessment and control practices in procurement
maersk.com,Mexico,DAP - S2P & Procurement,initiatives,Enhancing safety and compliance in capital infrastructure and port operations
maersk.com,Mexico,DAP - S2P & Procurement,initiatives,Scaling operations and achieving excellence in terminal businesses
maersk.com,Mexico,DAP - S2P & Procurement,initiatives,Driving automation and technical integration for terminal expansion projects
aig.com,United States,DAP - S2P & Procurement,initiatives,Global source to pay functions within the GS&PS organization
aig.com,United States,DAP - S2P & Procurement,initiatives,"Comprehensive cost reduction opportunities, value proposition, quality of service, customer experience and innovation"
aig.com,United States,DAP - S2P & Procurement,initiatives,Continuous Improvement vision and objectives
aig.com,United States,DAP - S2P & Procurement,initiatives,Project delivery experience in Insurance
aig.com,United States,DAP - S2P & Procurement,initiatives,Improvement and transformation opportunities to enhance the customer experience
maersk.com,Germany,DAP - S2P & Procurement,initiatives,Enhancing procurement quality and compliance
maersk.com,Germany,DAP - S2P & Procurement,initiatives,Driving innovation and sustainable procurement agenda
maersk.com,Germany,DAP - S2P & Procurement,initiatives,Optimizing procurement process and contract value handovers
maersk.com,Germany,DAP - S2P & Procurement,initiatives,Implementing digital solutions to optimize procurement process
maersk.com,Germany,DAP - S2P & Procurement,initiatives,Supporting cross-geography procurement and best practices
highmarkhealth.org,United States,DAP - S2P & Procurement,team,Procurement team
highmarkhealth.org,United States,DAP - S2P & Procurement,team,Category management team
alcon.com,United States,DAP - S2P & Procurement,team,Procurement Analytics CoE
alcon.com,United States,DAP - S2P & Procurement,team,Global Supply Chain Planning COE and Data Management
alcon.com,United States,DAP - S2P & Procurement,team,IT Procurement Category Management
maersk.com,Denmark,DAP - S2P & Procurement,team,Technology Procurement function
maersk.com,Denmark,DAP - S2P & Procurement,team,Transportation Assets team
maersk.com,Denmark,DAP - S2P & Procurement,team,Storage Solutions team
maersk.com,Denmark,DAP - S2P & Procurement,team,Professional Services team
aig.com,Canada,DAP - S2P & Procurement,team,Finance
aig.com,Canada,DAP - S2P & Procurement,team,Technology
maersk.com,India,DAP - S2P & Procurement,team,Asset Strategy & Strategic Partnerships function
maersk.com,India,DAP - S2P & Procurement,team,Digital Delivery team
maersk.com,India,DAP - S2P & Procurement,team,"Governance, Risk and Control team"
maersk.com,Mexico,DAP - S2P & Procurement,team,APM Terminals - Project Team
maersk.com,Mexico,DAP - S2P & Procurement,team,APM Terminals - Terminal Team
maersk.com,Mexico,DAP - S2P & Procurement,team,APM Terminals - IT & Automation Team
aig.com,United States,DAP - S2P & Procurement,team,GS&PS leadership team
aig.com,United States,DAP - S2P & Procurement,team,"Personal Lines, Claims & Contact Centers"
aig.com,United States,DAP - S2P & Procurement,team,Global Business Operations & IT
maersk.com,Germany,DAP - S2P & Procurement,team,North Europe Continent logistics & services procurement team
maersk.com,Germany,DAP - S2P & Procurement,team,Maersk Customs Services
maersk.com,Germany,DAP - S2P & Procurement,team,"Internal VAS Team, Intermodal, Procurement, Sales, Finance"
alcon.com,United States,DAP - S2P & Procurement,tools,SAP Ariba
alcon.com,United States,DAP - S2P & Procurement,tools,Analytics tools
maersk.com,India,DAP - S2P & Procurement,tools,Digital procurement systems
maersk.com,India,DAP - S2P & Procurement,tools,SAP GRC tool
maersk.com,Germany,DAP - S2P & Procurement,tools,Coupa
maersk.com,Germany,DAP - S2P & Procurement,tools,SAP Ariba
maersk.com,Germany,DAP - S2P & Procurement,tools,Digital procurement tools
highmarkhealth.org,United States,DAP - S2P & Procurement,positioning,In-app guidance for strategic sourcing
highmarkhealth.org,United States,DAP - S2P & Procurement,positioning,Task Lists for supplier relationship management
highmarkhealth.org,United States,DAP - S2P & Procurement,positioning,Smart Tips for demand and compliance management
highmarkhealth.org,United States,DAP - S2P & Procurement,positioning,Flows for spend analysis and category governance
alcon.com,United States,DAP - S2P & Procurement,positioning,In-app guidance for effective category management and RFPs
alcon.com,United States,DAP - S2P & Procurement,positioning,Enhanced data-driven decision-making through in-app analytics support
alcon.com,United States,DAP - S2P & Procurement,positioning,Improved planning capabilities and customer-centric operations
alcon.com,United States,DAP - S2P & Procurement,positioning,Support for procurement category management and supplier relationship management
maersk.com,Denmark,DAP - S2P & Procurement,positioning,In-app guidance for navigating procurement processes effectively
maersk.com,Denmark,DAP - S2P & Procurement,positioning,Boosting productivity and ensuring adherence to best practices
maersk.com,Denmark,DAP - S2P & Procurement,positioning,Optimizing user adoption and training times
maersk.com,Denmark,DAP - S2P & Procurement,positioning,"Enhancing reliability, productivity, and reducing costs"
maersk.com,Denmark,DAP - S2P & Procurement,positioning,Creating transparency and governance in the supplier landscape
aig.com,Canada,DAP - S2P & Procurement,positioning,In-app guidance and task lists will enhance financial management and process efficiency
aig.com,Canada,DAP - S2P & Procurement,positioning,Smart tips will aid in meeting regulatory financial reporting requirements accurately and timely
aig.com,Canada,DAP - S2P & Procurement,positioning,Flows and task lists will support the implementation of changes in finance organizational design
aig.com,Canada,DAP - S2P & Procurement,positioning,In-app guidance will facilitate technology platform development and adoption aligned with global strategies
maersk.com,India,DAP - S2P & Procurement,positioning,In-app guidance for navigating procurement processes effectively
maersk.com,India,DAP - S2P & Procurement,positioning,Boosting productivity and adherence to best practices
maersk.com,India,DAP - S2P & Procurement,positioning,Optimizing user adoption and training times
maersk.com,India,DAP - S2P & Procurement,positioning,Driving sustainability agenda and decarbonizing logistics
maersk.com,Mexico,DAP - S2P & Procurement,positioning,In-app guidance for safety and compliance best practices
maersk.com,Mexico,DAP - S2P & Procurement,positioning,Task Lists and Smart Tips for scaling operations and achieving excellence
maersk.com,Mexico,DAP - S2P & Procurement,positioning,Automation of technical integration processes for terminal expansion projects
aig.com,United States,DAP - S2P & Procurement,positioning,In-app guidance for navigating source-to-pay functions
aig.com,United States,DAP - S2P & Procurement,positioning,Boosting productivity and ensuring adherence to best practices
aig.com,United States,DAP - S2P & Procurement,positioning,Optimizing user adoption and training times
aig.com,United States,DAP - S2P & Procurement,positioning,Driving transformation change in global organizations
aig.com,United States,DAP - S2P & Procurement,positioning,Supporting continuous improvement vision and objectives
maersk.com,Germany,DAP - S2P & Procurement,positioning,In-app guidance for navigating procurement processes effectively
maersk.com,Germany,DAP - S2P & Procurement,positioning,Boosting productivity and adherence to best practices
maersk.com,Germany,DAP - S2P & Procurement,positioning,Optimizing user adoption and training times
maersk.com,Germany,DAP - S2P & Procurement,positioning,Enhancing procurement quality and compliance
maersk.com,Germany,DAP - S2P & Procurement,positioning,Driving innovation and sustainable procurement agenda
cisco.com,United States,Whatfix ATS,initiatives,Global Executive Talent Acquisition Strategy
cisco.com,United States,Whatfix ATS,initiatives,Innovative Sourcing Strategies for Top-tier Executive Talent
cisco.com,United States,Whatfix ATS,initiatives,Enhancing Workday Solutions for HR Transformation
aig.com,United States,Whatfix ATS,initiatives,Global Campus recruiting programs overhaul strategy
aig.com,United States,Whatfix ATS,initiatives,Attracting and retaining future leaders through early careers hiring
aig.com,United States,Whatfix ATS,initiatives,Transformation of on-campus relationships with university Career Services
aig.com,United States,Whatfix ATS,initiatives,Talent mapping and pipelining for quality and diversity of hires
aig.com,United States,Whatfix ATS,initiatives,Employment Branding to the next generation of talent
aig.com,United States,Whatfix ATS,initiatives,Advocating for appropriate recruiting strategies and cross Talent Acquisition matters
maersk.com,India,Whatfix ATS,initiatives,Global Process Optimization for Talent Attraction & Acquisition
maersk.com,India,Whatfix ATS,initiatives,Product Management for Recruitment & Talent Modules within Workday
maersk.com,India,Whatfix ATS,initiatives,Digital Product Management for TAA and Talent
maersk.com,India,Whatfix ATS,initiatives,Global Process Optimization for Core HCM
maersk.com,India,Whatfix ATS,initiatives,"Global Process Optimization for Time & Absence, Payroll and Rewards"
cisco.com,United States,Whatfix ATS,team,Global Executive Talent Acquisition Team
cisco.com,United States,Whatfix ATS,team,Global Sourcing Team
cisco.com,United States,Whatfix ATS,team,HR Products and Platforms Team
aig.com,United States,Whatfix ATS,team,Talent Acquisition - Early Careers & Operations
aig.com,United States,Whatfix ATS,team,Global Campus recruiting team
aig.com,United States,Whatfix ATS,team,University Career Services team
aig.com,United States,Whatfix ATS,team,Talent mapping and pipelining team
aig.com,United States,Whatfix ATS,team,Employment Branding team
aig.com,United States,Whatfix ATS,team,Talent Acquisition leadership team
maersk.com,India,Whatfix ATS,team,People Function - Talent Attraction & Acquisition
maersk.com,India,Whatfix ATS,team,Product Management Team
maersk.com,India,Whatfix ATS,team,Digital Product Management Team
maersk.com,India,Whatfix ATS,team,Global HR Team - Core HCM
maersk.com,India,Whatfix ATS,team,"Global HR Team - Time & Absence, Payroll and Rewards"
maersk.com,India,Whatfix ATS,tools,Workday
maersk.com,India,Whatfix ATS,tools,Jira
maersk.com,India,Whatfix ATS,tools,Confluence
maersk.com,India,Whatfix ATS,tools,ARIS
maersk.com,India,Whatfix ATS,tools,RPA (Robotic Process Automation)
maersk.com,India,Whatfix ATS,tools,Celonis
cisco.com,United States,Whatfix ATS,positioning,Streamline ATS usage for efficient global executive talent acquisition strategy
cisco.com,United States,Whatfix ATS,positioning,"Create contextual, in-app guidance for innovative sourcing strategies"
cisco.com,United States,Whatfix ATS,positioning,Enhance user adoption and proficiency in Workday Solutions for HR transformation
aig.com,United States,Whatfix ATS,positioning,Streamline global campus recruiting programs with contextual in-app guidance
aig.com,United States,Whatfix ATS,positioning,Enhance user adoption for early careers hiring and talent mapping
aig.com,United States,Whatfix ATS,positioning,Improve engagement and awareness through in-app engagement initiatives
aig.com,United States,Whatfix ATS,positioning,Reduce time-to-proficiency for new hires through seamless onboarding guidance
maersk.com,India,Whatfix ATS,positioning,Streamline and optimize People processes at various levels with no-code solutions
maersk.com,India,Whatfix ATS,positioning,"Enhance user adoption and proficiency, making hiring processes more efficient"
maersk.com,India,Whatfix ATS,positioning,"Reduce time-to-proficiency for new employees through contextual, in-app guidance"
maersk.com,India,Whatfix ATS,positioning,Facilitate process automation and standardization to enable consistency and compliance across regions
maersk.com,India,Whatfix ATS,positioning,Improve efficiency and effectiveness of People processes using continuous improvement methodologies
aig.com,United States,Whatfix Hub,initiatives,Enhancing Privileged Access Management (PAM) program
aig.com,United States,Whatfix Hub,initiatives,Improving end-user experience for Infrastructure Services projects
maersk.com,Brazil,Whatfix Hub,initiatives,Development of a new fully decarbonized/electrical container terminal in the Port of Suape
maersk.com,Brazil,Whatfix Hub,initiatives,Expansion of business value and proposition for the entire region and hinterland for Maersk
maersk.com,Denmark,Whatfix Hub,initiatives,Agile program management and ways of working for process transformation
maersk.com,Denmark,Whatfix Hub,initiatives,Process maturity and true partnership to the organization
maersk.com,Denmark,Whatfix Hub,initiatives,"Engagement, stakeholder management, and communication for process initiatives"
alcon.com,India,Whatfix Hub,initiatives,Global transformation & implementation projects covering company wide ERP and process changes
alcon.com,India,Whatfix Hub,initiatives,End-to-end IT lifecycle software assets governance and compliance
cisco.com,Mexico,Whatfix Hub,initiatives,Enhancing SaaS Access and Operational Continuity
cisco.com,Mexico,Whatfix Hub,initiatives,Improving Productivity and Onboarding Experience
cisco.com,Mexico,Whatfix Hub,initiatives,Shaping Security Posture and Compliance
cisco.com,Mexico,Whatfix Hub,initiatives,Driving Technical Direction and Alignment with Technological Trends
alcon.com,Mexico,Whatfix Hub,initiatives,Manage IT projects and continuous improvement initiatives for SAP and Non-SAP Enterprise Applications
alcon.com,Mexico,Whatfix Hub,initiatives,Support planning and execution of continuous improvement initiatives in Agile mode
alcon.com,Mexico,Whatfix Hub,initiatives,Ensure proper security and compliance standards are followed
alcon.com,Mexico,Whatfix Hub,initiatives,"Manage relationship with project stakeholders, including internal and external stakeholders"
alcon.com,Mexico,Whatfix Hub,initiatives,"Create and maintain project deliverables such as project charter, project management plan, status reports, etc."
cisco.com,United States,Whatfix Hub,initiatives,Security incident response and threat management
cisco.com,United States,Whatfix Hub,initiatives,Customer onboarding and inventory management experience modernization
cisco.com,United States,Whatfix Hub,initiatives,Technical support for Cisco security products
cisco.com,United States,Whatfix Hub,initiatives,"Enhancing employee experience through centralized onboarding, resource access, and communication"
firstcitizens.com,United States,Whatfix Hub,initiatives,"Enhancing operational reliability, functionality, and efficiency of IT services"
firstcitizens.com,United States,Whatfix Hub,initiatives,"Managing specific Governance, Risk, and Compliance (GRC) services within the Identity and Access Management (IAM) organization"
firstcitizens.com,United States,Whatfix Hub,initiatives,Advancing end user productivity and data security through digital adoption
firstcitizens.com,United States,Whatfix Hub,initiatives,"Developing and maintaining the strategic mission of the IAM Authentication, CIAM and Cloud Security GRC functions"
alcon.com,United States,Whatfix Hub,initiatives,IT strategy alignment with business objectives
alcon.com,United States,Whatfix Hub,initiatives,Value extraction from enterprise platforms
alcon.com,United States,Whatfix Hub,initiatives,Deployment and business readiness for digital products
alcon.com,United States,Whatfix Hub,initiatives,Large scale automation and governance
alcon.com,United States,Whatfix Hub,initiatives,IT audit and risk advisory
maersk.com,Philippines,Whatfix Hub,initiatives,Enhancing cyber security incident response and continuous improvement
maersk.com,Philippines,Whatfix Hub,initiatives,Developing and improving the Global Security Operations Centre (SOC) capabilities
maersk.com,India,Whatfix Hub,initiatives,24x7 operational critical incident management and network operations strategy
maersk.com,India,Whatfix Hub,initiatives,Supporting and driving new WMS and TMS implementations
maersk.com,India,Whatfix Hub,initiatives,Develop and deploy a comprehensive approach for agile program management and ways of working
maersk.com,India,Whatfix Hub,initiatives,Leading the transformation programme on our journey to become operationally excellent
maersk.com,Mexico,Whatfix Hub,initiatives,Standardizing Omni Channel Transportation applications
maersk.com,Mexico,Whatfix Hub,initiatives,Driving large scale application technical debt replacement initiatives
maersk.com,Mexico,Whatfix Hub,initiatives,Improving business operations and supervising software applications
maersk.com,Mexico,Whatfix Hub,initiatives,Enhancing warehouse efficiency and productivity through system upgrades
maersk.com,Mexico,Whatfix Hub,initiatives,Creating equitable and inclusive workplaces
maersk.com,Morocco,Whatfix Hub,initiatives,Technology transformation for global integrator of container logistics
maersk.com,Morocco,Whatfix Hub,initiatives,Centralization of technology support and service management
maersk.com,Morocco,Whatfix Hub,initiatives,Modernization and transformation of Terminal business operations
maersk.com,Morocco,Whatfix Hub,initiatives,Enhancing IT support strategy for global Terminals
maersk.com,Morocco,Whatfix Hub,initiatives,Improving support processes and fostering a culture of continuous improvement
maersk.com,United States,Whatfix Hub,initiatives,Accelerating the transformation of business from independently operated terminals to a global terminals operator
maersk.com,United States,Whatfix Hub,initiatives,Enabling global trade by providing port operations and container management services
maersk.com,United States,Whatfix Hub,initiatives,Developing solutions to meet customer needs across the supply chain
maersk.com,United States,Whatfix Hub,initiatives,Achieving reliability outcomes for services through partnership with Regional Service Delivery Leads
aig.com,United States,Whatfix Hub,team,Identity and Access Management team
aig.com,United States,Whatfix Hub,team,IT EMPO Change Leader and Infrastructure Services team
maersk.com,Brazil,Whatfix Hub,team,APM Terminals Suape
maersk.com,Brazil,Whatfix Hub,team,ICT vendors
maersk.com,Denmark,Whatfix Hub,team,Maersk Process Excellence team
maersk.com,Denmark,Whatfix Hub,team,Fleet Management and Technology (FMT) function
maersk.com,Denmark,Whatfix Hub,team,Change Management team
alcon.com,India,Whatfix Hub,team,"Global Process Owners, Subject Matter Experts, Application Owners, Lean Six Sigma experts, IT experts"
alcon.com,India,Whatfix Hub,team,"Technology and business stakeholders, Infrastructure, Project Management, Development, Legal, Tax, and Finance"
cisco.com,Mexico,Whatfix Hub,team,Service Management Team at ThousandEyes
cisco.com,Mexico,Whatfix Hub,team,Cisco's Network Services Business Group
alcon.com,Mexico,Whatfix Hub,team,Global ESA IT Team
alcon.com,Mexico,Whatfix Hub,team,Information Systems and Information Assurance (ISIA) Team
cisco.com,United States,Whatfix Hub,team,Threat Management Response team
cisco.com,United States,Whatfix Hub,team,Onboarding & Inventory team
cisco.com,United States,Whatfix Hub,team,Cisco Technical Services group
cisco.com,United States,Whatfix Hub,team,Customer Experience Organization
firstcitizens.com,United States,Whatfix Hub,team,IT Infrastructure team
firstcitizens.com,United States,Whatfix Hub,team,Identity and Access Management (IAM) organization
firstcitizens.com,United States,Whatfix Hub,team,End User Services (EUS) team
alcon.com,United States,Whatfix Hub,team,IT Strategy and Alignment Team
alcon.com,United States,Whatfix Hub,team,Value Extraction and Enterprise Platforms Team
alcon.com,United States,Whatfix Hub,team,Digital Products Deployment and Readiness Team
alcon.com,United States,Whatfix Hub,team,Automation and Governance Team
alcon.com,United States,Whatfix Hub,team,IT Audit and Risk Advisory Team
maersk.com,Philippines,Whatfix Hub,team,Global Cyber Defence Centre
maersk.com,Philippines,Whatfix Hub,team,Security Operations Centre (SOC) team
maersk.com,India,Whatfix Hub,team,Technology Operations Platform
maersk.com,India,Whatfix Hub,team,Internal support team
maersk.com,India,Whatfix Hub,team,Process Excellence organization
maersk.com,India,Whatfix Hub,team,Technology Operations function
maersk.com,Mexico,Whatfix Hub,team,Fulfilled by Maersk Platform team
maersk.com,Mexico,Whatfix Hub,team,Technology Operations team
maersk.com,Morocco,Whatfix Hub,team,Technology Operations Leadership Team
maersk.com,Morocco,Whatfix Hub,team,APMT Global Support Team
maersk.com,United States,Whatfix Hub,team,APM Terminals Integration Platform Portfolio team
maersk.com,United States,Whatfix Hub,team,Regional Service Delivery Leads
maersk.com,United States,Whatfix Hub,team,Terminal IT Managers
alcon.com,India,Whatfix Hub,tools,"ERP systems, SAMPRO, SNOW, Flexera, License Dashboard, ServiceNow, SCCM, ServiceNow ITOM"
cisco.com,Mexico,Whatfix Hub,tools,Jira Service Management
cisco.com,Mexico,Whatfix Hub,tools,ServiceNow
alcon.com,Mexico,Whatfix Hub,tools,"Microsoft Office tools including Excel, PowerPoint, and Visio"
alcon.com,Mexico,Whatfix Hub,tools,"MS Teams, SharePoint, ServiceNow or other Project Management tool"
alcon.com,Mexico,Whatfix Hub,tools,"SAP solutions, business processes and functionalities"
alcon.com,Mexico,Whatfix Hub,tools,Agile tools
cisco.com,United States,Whatfix Hub,tools,Security Incident and Event Monitoring (SIEM)
cisco.com,United States,Whatfix Hub,tools,File Integrity Monitoring (FIM)
cisco.com,United States,Whatfix Hub,tools,Vulnerability Scanners
cisco.com,United States,Whatfix Hub,tools,Endpoint Detection & Response (EDR)
cisco.com,United States,Whatfix Hub,tools,"Security Orchestration, Automation & Response (SOAR)"
cisco.com,United States,Whatfix Hub,tools,Network and Host Intrusion Detection (IDS)
cisco.com,United States,Whatfix Hub,tools,"Cloud platforms (AWS, Azure, GCP)"
cisco.com,United States,Whatfix Hub,tools,Cisco physical and virtual network devices and platforms
cisco.com,United States,Whatfix Hub,tools,"Splunk, ELK, Snowflake or other searchable big data solutions"
maersk.com,Philippines,Whatfix Hub,tools,SIEM
maersk.com,Philippines,Whatfix Hub,tools,XSOAR
maersk.com,Philippines,Whatfix Hub,tools,EDR
maersk.com,Philippines,Whatfix Hub,tools,XDR
maersk.com,Philippines,Whatfix Hub,tools,Endpoint
maersk.com,Philippines,Whatfix Hub,tools,Server Estates
maersk.com,Philippines,Whatfix Hub,tools,Cloud
maersk.com,Philippines,Whatfix Hub,tools,Qualys
maersk.com,Philippines,Whatfix Hub,tools,Prisma Cloud
maersk.com,Philippines,Whatfix Hub,tools,Black Duck
maersk.com,Philippines,Whatfix Hub,tools,Polaris
maersk.com,Philippines,Whatfix Hub,tools,Akamai
maersk.com,Philippines,Whatfix Hub,tools,Trend
maersk.com,Philippines,Whatfix Hub,tools,CrowdStrike
maersk.com,Philippines,Whatfix Hub,tools,AlgoSec
maersk.com,India,Whatfix Hub,tools,ITIL
maersk.com,India,Whatfix Hub,tools,"Infor SCE, Exceed, JDA, SAP WMS"
maersk.com,India,Whatfix Hub,tools,Agile program management
maersk.com,India,Whatfix Hub,tools,Technology operations tools and methodologies
maersk.com,Mexico,Whatfix Hub,tools,Omni Channel Transportation applications
maersk.com,Mexico,Whatfix Hub,tools,Handheld scan device interface
maersk.com,Mexico,Whatfix Hub,tools,Label printing services
maersk.com,Mexico,Whatfix Hub,tools,"WMS, DMS, YMS, or other FBM Applications"
maersk.com,Mexico,Whatfix Hub,tools,MS SQL and Oracle SQL support
maersk.com,Mexico,Whatfix Hub,tools,"Support Applications built on Java, .Net, and SQL"
maersk.com,Morocco,Whatfix Hub,tools,Microsoft Server
maersk.com,Morocco,Whatfix Hub,tools,Networking estate
maersk.com,Morocco,Whatfix Hub,tools,VMWare
maersk.com,Morocco,Whatfix Hub,tools,Cisco
maersk.com,Morocco,Whatfix Hub,tools,HPE
maersk.com,Morocco,Whatfix Hub,tools,Orange
maersk.com,Morocco,Whatfix Hub,tools,Linux
maersk.com,Morocco,Whatfix Hub,tools,SAN
maersk.com,Morocco,Whatfix Hub,tools,Zabbix
maersk.com,Morocco,Whatfix Hub,tools,Hyperconverged technologies
aig.com,United States,Whatfix Hub,positioning,Whatfix Hub centralizes onboarding and resource access
aig.com,United States,Whatfix Hub,positioning,"Improves engagement, compliance, and productivity"
aig.com,United States,Whatfix Hub,positioning,"Facilitates easy access to tasks, resources, and notifications"
maersk.com,Brazil,Whatfix Hub,positioning,Whatfix Hub can centralize onboarding and resource access for the new terminal project
maersk.com,Brazil,Whatfix Hub,positioning,Enhance employee engagement and productivity during the expansion of business value
maersk.com,Denmark,Whatfix Hub,positioning,Whatfix Hub centralizes onboarding and communication for process transformation
maersk.com,Denmark,Whatfix Hub,positioning,Whatfix Hub empowers employees with easy access to process resources and notifications
maersk.com,Denmark,Whatfix Hub,positioning,Whatfix Hub facilitates engagement and compliance in global process initiatives
alcon.com,India,Whatfix Hub,positioning,"Centralizing onboarding, resource access, and communication for global transformation projects"
alcon.com,India,Whatfix Hub,positioning,"Facilitating easy access to tasks, resources, and notifications for end-to-end IT lifecycle software assets governance"
cisco.com,Mexico,Whatfix Hub,positioning,Centralizing onboarding and resource access for seamless experience
cisco.com,Mexico,Whatfix Hub,positioning,"Improving engagement, compliance, and productivity through easy access to tasks and resources"
cisco.com,Mexico,Whatfix Hub,positioning,Shaping security posture and compliance through quality assurance processes
cisco.com,Mexico,Whatfix Hub,positioning,Aligning with technological trends and driving technical direction
alcon.com,Mexico,Whatfix Hub,positioning,"Centralizing onboarding, resource access, and communication for global IT projects"
alcon.com,Mexico,Whatfix Hub,positioning,"Facilitating easy access to tasks, resources, and notifications for remote teams"
alcon.com,Mexico,Whatfix Hub,positioning,"Improving engagement, compliance, and productivity across different geographies"
cisco.com,United States,Whatfix Hub,positioning,Centralized onboarding and resource access for new employees
cisco.com,United States,Whatfix Hub,positioning,Enhanced security incident response through guided workflows
cisco.com,United States,Whatfix Hub,positioning,Improved technical support for Cisco security products
cisco.com,United States,Whatfix Hub,positioning,Streamlined inventory management experience for customers
firstcitizens.com,United States,Whatfix Hub,positioning,"Centralizing onboarding, resource access, and communication for IT services"
firstcitizens.com,United States,Whatfix Hub,positioning,"Empowering employees through a desktop widget for easy access to tasks, resources, and notifications"
firstcitizens.com,United States,Whatfix Hub,positioning,"Enhancing operational procedures for Joiners, Movers and Leavers as well as the certification process"
firstcitizens.com,United States,Whatfix Hub,positioning,Aiding in technology adoption and training to advance end user productivity and data security
alcon.com,United States,Whatfix Hub,positioning,Whatfix Hub centralizes onboarding and resource access for IT strategy alignment.
alcon.com,United States,Whatfix Hub,positioning,Facilitates easy access to tasks and resources for value extraction from enterprise platforms.
alcon.com,United States,Whatfix Hub,positioning,Improves deployment and onboarding for digital products in the US market.
alcon.com,United States,Whatfix Hub,positioning,Enhances large scale automation and governance processes.
alcon.com,United States,Whatfix Hub,positioning,Aids in IT audit and risk advisory through process documentation and training.
maersk.com,Philippines,Whatfix Hub,positioning,"Whatfix Hub centralizes onboarding, resource access, and communication"
maersk.com,Philippines,Whatfix Hub,positioning,"Improves engagement, compliance, and productivity"
maersk.com,Philippines,Whatfix Hub,positioning,"Facilitates easy access to tasks, resources, and notifications"
maersk.com,Philippines,Whatfix Hub,positioning,Supports continuous improvement of SOC capabilities
maersk.com,India,Whatfix Hub,positioning,Centralized incident management and network operations strategy
maersk.com,India,Whatfix Hub,positioning,Supporting new WMS and TMS implementations with onboarding and resource access
maersk.com,India,Whatfix Hub,positioning,Comprehensive approach for agile program management and ways of working
maersk.com,India,Whatfix Hub,positioning,Enhancing technology operations to become operationally excellent
maersk.com,Mexico,Whatfix Hub,positioning,Centralizing onboarding and resource access for global impact
maersk.com,Mexico,Whatfix Hub,positioning,Improving employee experience and engagement through easy access to tasks and resources
maersk.com,Mexico,Whatfix Hub,positioning,Facilitating training sessions to enhance user knowledge and proficiency
maersk.com,Mexico,Whatfix Hub,positioning,Supporting incident management processes specific to FbM for timely issue resolution
maersk.com,Mexico,Whatfix Hub,positioning,Enabling continuous improvement and automation within FbM support operations
maersk.com,Morocco,Whatfix Hub,positioning,Centralize technology support and service management for global integrator strategy
maersk.com,Morocco,Whatfix Hub,positioning,Enhance IT support strategy for global Terminals with easy access to resources and notifications
maersk.com,Morocco,Whatfix Hub,positioning,Improve support processes and efficiency through centralized onboarding and resource access
maersk.com,Morocco,Whatfix Hub,positioning,"Facilitate easy access to tasks, resources, and notifications for global support teams"
maersk.com,Morocco,Whatfix Hub,positioning,"Drive engagement, compliance, and productivity through centralized onboarding and communication"
maersk.com,United States,Whatfix Hub,positioning,"Centralizing onboarding, resource access, and communication for a seamless employee experience"
maersk.com,United States,Whatfix Hub,positioning,"Improving engagement, compliance, and productivity through easy access to tasks, resources, and notifications"
maersk.com,United States,Whatfix Hub,positioning,Enhancing problem management processes with structured approach and Six Sigma methodology
maersk.com,United States,Whatfix Hub,positioning,Driving speedy completion of problem RCAâ€™s and improvement plans across platforms and brands
cisco.com,United States,Whatfix Mirror,initiatives,Government regulated cloud compliance
cisco.com,United States,Whatfix Mirror,initiatives,Cloud infrastructure reliability and security
cisco.com,United States,Whatfix Mirror,initiatives,Agile transformation and program management
cisco.com,United States,Whatfix Mirror,initiatives,Technical program operations and delivery
alcon.com,United States,Whatfix Mirror,initiatives,Deliver the strategic vision for Digital Health and manage program execution
alcon.com,United States,Whatfix Mirror,initiatives,"Lead and execute governance, value assurance, metrics and measurement for Digital Health"
alcon.com,United States,Whatfix Mirror,initiatives,Develop and define overall governance plan for Digital Health strategy
alcon.com,United States,Whatfix Mirror,initiatives,Create effective management routines to integrate projects and identify issues early
alcon.com,United States,Whatfix Mirror,initiatives,Establish and track communications plans and initiatives for Digital Health
alcon.com,United States,Whatfix Mirror,initiatives,Support knowledge transfer and onboarding materials for Digital Health
firstcitizens.com,United States,Whatfix Mirror,initiatives,Enhancing digital workplace communication and training programs
firstcitizens.com,United States,Whatfix Mirror,initiatives,Improving end user productivity and data security through effective adoption programs
firstcitizens.com,United States,Whatfix Mirror,initiatives,Advancing adoption of office technology solutions in SVB offices
firstcitizens.com,United States,Whatfix Mirror,initiatives,"Developing and implementing information security strategies in large, complex environments"
maersk.com,United Kingdom,Whatfix Mirror,initiatives,Digitizing Maersk business processes and customer engagement
maersk.com,United Kingdom,Whatfix Mirror,initiatives,Modernizing technology services to enable Maersk to become a logistics integrator
maersk.com,United Kingdom,Whatfix Mirror,initiatives,Improving network reliability and performance for global connectivity
maersk.com,United Kingdom,Whatfix Mirror,initiatives,Enabling a transformational journey with career development opportunities
maersk.com,India,Whatfix Mirror,initiatives,Optimizing end-to-end People processes for Talent including Performance & Learning
maersk.com,India,Whatfix Mirror,initiatives,"Designing, implementing, and managing complex ServiceNow solutions"
maersk.com,India,Whatfix Mirror,initiatives,Building and operating world-class network and perimeter platforms and products
maersk.com,India,Whatfix Mirror,initiatives,"Leading the technical vision, design, and build quality of network and perimeter capabilities"
cisco.com,United States,Whatfix Mirror,team,ONEx Technical Program Management team
cisco.com,United States,Whatfix Mirror,team,Site Reliability Engineer Technical Leader
cisco.com,United States,Whatfix Mirror,team,Transition Program Manager (PgM)
cisco.com,United States,Whatfix Mirror,team,Program leadership team
alcon.com,United States,Whatfix Mirror,team,Digital Health team at Alcon
firstcitizens.com,United States,Whatfix Mirror,team,EUS leadership and engineering teams
firstcitizens.com,United States,Whatfix Mirror,team,SVBers
firstcitizens.com,United States,Whatfix Mirror,team,"IT management, regulators, internal audit, and business partners"
maersk.com,United Kingdom,Whatfix Mirror,team,Global CTIO
maersk.com,United Kingdom,Whatfix Mirror,team,Network Reliability Engineering
maersk.com,United Kingdom,Whatfix Mirror,team,Technology function
maersk.com,India,Whatfix Mirror,team,People Function - Talent including Performance & Learning
maersk.com,India,Whatfix Mirror,team,ServiceNow Platform Team
maersk.com,India,Whatfix Mirror,team,Network Architecture & Engineering Team
cisco.com,United States,Whatfix Mirror,tools,JIRA
cisco.com,United States,Whatfix Mirror,tools,SharePoint
cisco.com,United States,Whatfix Mirror,tools,Miro or other whiteboarding tool
cisco.com,United States,Whatfix Mirror,tools,Office365
cisco.com,United States,Whatfix Mirror,tools,Terraform
cisco.com,United States,Whatfix Mirror,tools,AWS
cisco.com,United States,Whatfix Mirror,tools,DataDog
cisco.com,United States,Whatfix Mirror,tools,CloudWatch
cisco.com,United States,Whatfix Mirror,tools,Vault
cisco.com,United States,Whatfix Mirror,tools,Packer
cisco.com,United States,Whatfix Mirror,tools,Docker
cisco.com,United States,Whatfix Mirror,tools,Jenkins
maersk.com,India,Whatfix Mirror,tools,RPA software
maersk.com,India,Whatfix Mirror,tools,ARIS
maersk.com,India,Whatfix Mirror,tools,Celonis
maersk.com,India,Whatfix Mirror,tools,Infrastructure as code (IaC)
cisco.com,United States,Whatfix Mirror,positioning,Enhances program materials development and governance processes
cisco.com,United States,Whatfix Mirror,positioning,Simplified deployment and maintenance capabilities for cloud infrastructure
cisco.com,United States,Whatfix Mirror,positioning,Interactive and visual workflows for agile transformation
cisco.com,United States,Whatfix Mirror,positioning,Practice environment for onboarding and proficiency
alcon.com,United States,Whatfix Mirror,positioning,Whatfix Mirror can provide immersive and interactive training for Digital Health initiatives
alcon.com,United States,Whatfix Mirror,positioning,Simplified deployment and maintenance capabilities of Whatfix Mirror can reduce training costs
alcon.com,United States,Whatfix Mirror,positioning,Hyper-realistic environment of Whatfix Mirror can enhance onboarding and proficiency
firstcitizens.com,United States,Whatfix Mirror,positioning,Provides hyper-realistic environment for immersive and interactive training on web applications
firstcitizens.com,United States,Whatfix Mirror,positioning,Simplified deployment and maintenance capabilities reduce training costs
firstcitizens.com,United States,Whatfix Mirror,positioning,"Enhances onboarding and proficiency, driving end user productivity"
firstcitizens.com,United States,Whatfix Mirror,positioning,Increases application adoption and compliance with data security policies
maersk.com,United Kingdom,Whatfix Mirror,positioning,Enhances digitization of business processes and customer engagement
maersk.com,United Kingdom,Whatfix Mirror,positioning,Simplifies technology modernization for logistics integration
maersk.com,United Kingdom,Whatfix Mirror,positioning,Improves network reliability and performance for global connectivity
maersk.com,United Kingdom,Whatfix Mirror,positioning,Facilitates immersive and interactive training for career development
maersk.com,India,Whatfix Mirror,positioning,Whatfix Mirror can provide immersive and interactive training for optimizing People processes
maersk.com,India,Whatfix Mirror,positioning,Whatfix Mirror can simplify onboarding and proficiency with ServiceNow solutions
maersk.com,India,Whatfix Mirror,positioning,Whatfix Mirror offers hyper-realistic environment for training on network and perimeter platforms
maersk.com,India,Whatfix Mirror,positioning,Whatfix Mirror's simplified deployment can aid in building and operating world-class network capabilities
maersk.com,Denmark,Whatfix Product Analytics,initiatives,Transforming digital proposition to omni-channel experience for personalized logistics solutions
maersk.com,Denmark,Whatfix Product Analytics,initiatives,"Standardizing processes, digitizing offline journeys, and redesigning customer experience"
maersk.com,Denmark,Whatfix Product Analytics,initiatives,Improving industry knowledge and building communication and commercial skills
maersk.com,Denmark,Whatfix Product Analytics,initiatives,Setting measurable goals for product and reporting progress against stated benefits
maersk.com,Denmark,Whatfix Product Analytics,initiatives,"Engaging with users, customers, and stakeholders to encourage awareness and use of the product"
firstcitizens.com,United States,Whatfix Product Analytics,initiatives,Enhancing digital onboarding experience for global clients
firstcitizens.com,United States,Whatfix Product Analytics,initiatives,Improving profitability and growth of Lockbox and eReceivables products
firstcitizens.com,United States,Whatfix Product Analytics,initiatives,Driving product strategy and lifecycle management for core business products
firstcitizens.com,United States,Whatfix Product Analytics,initiatives,Leveraging data to generate actionable insights for product performance
firstcitizens.com,United States,Whatfix Product Analytics,initiatives,Supporting agile product development process and delivery of client-facing solutions
cisco.com,United States,Whatfix Product Analytics,initiatives,AI/ML product strategy and roadmap for GenAI
cisco.com,United States,Whatfix Product Analytics,initiatives,Data powered products for enterprise IT workflows
cisco.com,United States,Whatfix Product Analytics,initiatives,AI-based growth marketing strategies
cisco.com,United States,Whatfix Product Analytics,initiatives,"Product strategy, vision, and orchestration for SaaS Products"
alcon.com,United States,Whatfix Product Analytics,initiatives,Developing a data product and analytics platform vision aligned with overall business goals of Digital Health
alcon.com,United States,Whatfix Product Analytics,initiatives,Leading the development and execution of the Vision Care product roadmap and schedule
alcon.com,United States,Whatfix Product Analytics,initiatives,Driving the implementation of key features and enhancements in support of the product innovation strategy for Vision Care Digital Health
alcon.com,United States,Whatfix Product Analytics,initiatives,Spearheading the development and execution of digital health data and analytics product vision and strategy
alcon.com,United States,Whatfix Product Analytics,initiatives,Leading the Corporate Strategy function for the Alcon Digital Health organization
maersk.com,India,Whatfix Product Analytics,initiatives,Optimize vessel utilization and reduce carbon footprint
maersk.com,India,Whatfix Product Analytics,initiatives,Build the definitive Global Data & Analytics (GDA) strategy
maersk.com,India,Whatfix Product Analytics,initiatives,"Enhance scalability, performance, and resilience of workforce management solutions"
maersk.com,India,Whatfix Product Analytics,initiatives,Empower organizations to optimize workforce efficiency and productivity
maersk.com,Denmark,Whatfix Product Analytics,team,Business platform team
maersk.com,Denmark,Whatfix Product Analytics,team,http://maersk.com/Maersk.com product team
firstcitizens.com,United States,Whatfix Product Analytics,team,SVB-DC & SOS Bank Product
firstcitizens.com,United States,Whatfix Product Analytics,team,TREAS PROD MGT PYMT
firstcitizens.com,United States,Whatfix Product Analytics,team,SVB-Credit Product Mngmt
cisco.com,United States,Whatfix Product Analytics,team,Outshift by Cisco - GenAI team
cisco.com,United States,Whatfix Product Analytics,team,Cisco Meraki - Data Science and Product teams
cisco.com,United States,Whatfix Product Analytics,team,Cisco Marketing Strategy team
cisco.com,United States,Whatfix Product Analytics,team,Cisco's Acceleration Center - Product Management team
alcon.com,United States,Whatfix Product Analytics,team,Digital Health team
alcon.com,United States,Whatfix Product Analytics,team,Vision Care Digital Health team
alcon.com,United States,Whatfix Product Analytics,team,Product team
alcon.com,United States,Whatfix Product Analytics,team,Corporate Strategy function for the Alcon Digital Health organization
maersk.com,India,Whatfix Product Analytics,team,"Director â€“ Data, AI & Platform(GDA)"
maersk.com,India,Whatfix Product Analytics,team,Platform team in people function
maersk.com,Denmark,Whatfix Product Analytics,positioning,Whatfix Product Analytics can provide detailed insights into user interactions with the digital proposition and omni-channel experience
maersk.com,Denmark,Whatfix Product Analytics,positioning,The platform can help in tracking and understanding crucial metrics to support the standardization and redesigning of customer experience
maersk.com,Denmark,Whatfix Product Analytics,positioning,"Enables setting and tracking measurable goals for the product, ensuring progress against stated benefits"
maersk.com,Denmark,Whatfix Product Analytics,positioning,"Facilitates engagement with users, customers, and stakeholders through customized dashboards and data analysis"
firstcitizens.com,United States,Whatfix Product Analytics,positioning,Whatfix Product Analytics enables seamless digital onboarding experiences with data visualization & analytics
firstcitizens.com,United States,Whatfix Product Analytics,positioning,Whatfix Product Analytics supports product strategy and lifecycle management through customized dashboards
firstcitizens.com,United States,Whatfix Product Analytics,positioning,Whatfix Product Analytics provides actionable insights for product performance and agile development process
cisco.com,United States,Whatfix Product Analytics,positioning,Whatfix Product Analytics provides insights for AI/ML strategy and roadmap
cisco.com,United States,Whatfix Product Analytics,positioning,Enables data-powered product development and analytics for enterprise IT workflows
cisco.com,United States,Whatfix Product Analytics,positioning,Facilitates AI-based growth marketing strategies and customer behavior analysis
cisco.com,United States,Whatfix Product Analytics,positioning,Aids in defining and prioritizing strategic programs for SaaS product development
alcon.com,United States,Whatfix Product Analytics,positioning,Whatfix Product Analytics can provide detailed insights into user interactions with the digital health data and analytics platform
alcon.com,United States,Whatfix Product Analytics,positioning,"It can enhance user engagement, retention, and decision-making by enabling tracking and understanding of crucial metrics"
alcon.com,United States,Whatfix Product Analytics,positioning,The no-code visual editor for easy data capture and analysis ensures data consistency even after UI updates
alcon.com,United States,Whatfix Product Analytics,positioning,Customized dashboards can provide actionable insights for the Vision Care product roadmap and schedule
alcon.com,United States,Whatfix Product Analytics,positioning,It can aid in aligning the data product and analytics platform vision with overall business goals of Digital Health
maersk.com,India,Whatfix Product Analytics,positioning,Whatfix Product Analytics provides insights to optimize vessel utilization and reduce carbon footprint
maersk.com,India,Whatfix Product Analytics,positioning,Enables building a definitive Global Data & Analytics (GDA) strategy through data capture and analysis
maersk.com,India,Whatfix Product Analytics,positioning,"Enhances scalability, performance, and resilience of workforce management solutions"
maersk.com,India,Whatfix Product Analytics,positioning,Empowers organizations to optimize workforce efficiency and productivity through customized dashboards